{"53": [24, 31, 38, 100, 59, 81, 92, 98, 66, 119, 114, 118, 202, 176, 251, 189, 257, 368, 116, 623, 562, 541, 585, 283, 113, 296], "17": [10, 55, 127, 134, 163, 168, 296, 238, 250, 340, 663, 491, 518, 1066, 457, 924, 986], "06": [14, 19, 12, 60, 7, 23, 50, 68, 61, 97, 110, 144, 161, 174, 216, 261, 307, 389, 404, 539, 877, 854, 651, 701, 1155, 1161, 1234], "04": [49, 81, 92, 76, 106, 157, 108, 156, 240, 129, 115], "25": [13, 15, 15, 26, 33, 21, 38, 72, 85, 112, 121, 131, 382, 679, 579, 823, 1017, 698, 797, 868, 1118], "55": [49, 61, 65, 101, 36, 63, 142, 131, 176, 112, 78, 147, 84, 199], "48": [11, 7, 19, 60, 82, 129, 170, 85, 96, 129, 262, 424, 399, 219, 551, 331, 533, 685], "31": [1, 11, 4, 7, 8, 8, 22, 15, 48, 8, 56], "49": [15, 32, 26, 44, 75, 41, 48, 56, 78, 128, 111, 87, 81, 125], "41": [13, 27, 23, 24, 30, 18, 57, 50, 98, 65, 69, 58, 84, 46], "12": [39, 32, 69, 116, 108, 130, 200, 236, 222, 245, 498, 512, 721, 840, 904, 752, 1047, 1024], "36": [36, 31, 44, 109, 95, 189, 122, 218, 424, 1008, 1770, 2950, 3254, 4812, 5707, 4790, 7401, 5921, 5648, 8728, 6205, 7606, 8658, 8057], "44": [23, 18, 8, 33, 38, 36, 55, 114, 80, 78], "13": [21, 24, 51, 89, 200, 70, 68, 180, 297, 290, 256, 555, 249, 236, 349, 1085, 631], "33": [13, 23, 7, 29, 21, 29, 27, 44, 56, 53, 48], "37": [40, 40, 85, 34, 96, 164, 75, 145, 189, 195, 137, 224, 54], "34": [23, 78, 92, 159, 308, 161, 440, 578, 930, 831, 727, 2474, 1949, 2299, 2262, 3250, 2060, 3559], "08": [33, 25, 22, 33, 62, 86, 111, 116, 130, 191, 174, 346, 303, 326, 254, 313, 362, 356], "24": [23, 42, 45, 50, 45, 59, 74, 158, 194, 291, 178, 170, 248, 323], "32": [17, 66, 12.059312096257742, 25, 75, 50, 90, 130, 86, 117, 182, 124, 69, 166], "47": [25, 57, 82, 75, 112, 98, 157, 105, 197, 81, 311, 164, 297, 281.4101257203056, 606], "15": [13, 5, 11, 14, 31, 24, 29, 20, 34], "18": [47, 75, 58, 107, 113, 177, 326, 250, 282, 274, 371, 406], "21": [19, 21, 33, 41, 50, 54, 92, 45, 41, 110, 92], "27": [17, 12, 26, 23, 33, 64, 27, 25, 59, 52, 43, 63, 72, 53, 60], "40": [14, 25, 58, 84, 74, 55, 52, 52, 85, 153], "42": [20, 38, 48, 82, 119, 116, 140, 207, 300, 539, 528, 597, 626, 715, 841, 808], "45": [45, 46, 22, 105, 43, 82, 32, 83, 121, 114, 151, 158, 210], "11": [21, 18, 22, 45, 48, 36, 37, 38, 69.4486602238486, 153, 43.58147016027203, 91], "20": [16, 17, 33, 39, 41, 59, 61, 41, 61, 54], "29": [37, 53, 72, 122, 130, 164, 167, 65, 147, 301, 230], "50": [20, 28, 35, 26, 27, 24, 21, 37, 28], "51": [11, 16, 21, 37, 67, 35, 36, 101, 213, 2, 134, 150, 131, 229, 261], "09": [63, 35, 29, 104, 88, 203, 257, 137, 279, 233, 469, 578, 557, 429], "19": [15, 19, 21, 34, 56, 63, 38, 88, 74, 51], "22": [34, 59, 84, 112, 145, 226, 74, 335, 216, 407, 510, 441, 569, 225, 485, 1212, 1187], "39": [23, 30, 49, 78, 104, 93, 120, 142, 161, 277, 262, 259, 268, 266, 348], "26": [11, 15, 254, 214, 239, 246, 291, 467, 503, 584, 779, 978, 851, 1022, 1122, 1663], "46": [22, 11, 7, 21], "05": [18, 47, 36, 31, 76, 43, 35, 23, 40, 59, 56, 60], "10": [17, 15, 24, 22, 49, 18, 32, 55, 49], "28": [60, 67, 42, 71, 57, 110, 92, 90, 90, 89, 89, 136], "35": [18, 17, 12, 24, 55, 17, 29, 44, 34, 48], "38": [26, 4, 11, 17, 21], "56": [11, 3, 8, 25, 17], "02": [16, 17, 12, 5, 14, 10], "23": [13, 19, 18, 11, 24, 13, 13, 43, 42, 22, 28, 41], "01": [28, 25, 26, 39, 46, 144, 152, 101, 81, 110, 117, 52, 107], "16": [50, 66, 42, 30, 49, 105, 111, 143], "30": [25, 31, 26, 14, 16, 21, 19], "72": [15, 21, 27, 47, 65, 47], "66": [1, 2, 79, 8], "54": [20, 17, 11, 21, 17, 29], "53061": [38, 25, 22, 21, 24, 66, 44, 38, 37, 62, 34, 38, 95, 20, 145, 134, 74.46033878712012, 155, 59, 102, 76], "17031": [14.17760254076397, 31, 72, 100, 133, 136, 257, 117, 272, 224, 486, 335, 374, 832, 282, 769, 656], "06059": [13, 17, 30, 27, 35, 69, 65, 50.955642516684975, 110, 33, 38, 104], "04013": [60, 52, 48, 100, 55, 92, 144, 101, 80], "06037": [25, 50, 46, 41, 61, 59, 70, 115, 126, 137, 417, 249, 339, 332, 338, 537, 507], "06085": [12, 23, 24, 17, 20, 14, 7, 67, 40, 18, 54, 84, 83, 32, 17, 55, 202, 42, 66], "25025": [15, 21, 18, 28, 80, 108, 106, 183, 212, 97, 175, 258, 251], "06075": [6, 5, 27, 23, 18, 29, 45, 56, 26, 35, 31, 26, 37], "55025": [11, 16, 26, 44, 10.172530456076544, 21, 4, 11, 21], "06073": [20, 24, 26, 28, 46, 25, 12, 55, 44, 76, 71, 31, 84, 131, 115], "48029": [18, 1, 15, 29, 12, 15, 17, 50, 0], "31055": [2, 4, 2, 14, 5, 25, 9, 27], "06067": [60, 41.209351268012426, 90], "06095": [0], "53063": [5], "49035": [28, 15, 24, 30, 31, 64, 48, 39, 33, 0], "06041": [12, 4, 5, 19, 6, 3, 6], "06097": [7, 16, 12, 6], "41067": [7, 20, 8, 18, 18, 14, 14, 18, 3], "53033": [13, 19, 26, 74, 44, 36, 58, 60, 32, 68, 29, 45, 130, 101, 141, 101, 130, 112, 82, 219, 251, 249, 84, 169, 81.57328457206768, 166], "06001": [10, 20, 40, 12, 12, 5, 43, 42, 36, 14, 13, 30, 46], "12057": [20, 28, 28, 23, 32, 19, 47, 33, 57], "12081": [17], "06061": [10, 11], "06081": [9, 11, 10, 7, 25, 19, 4, 30, 44, 35, 3, 32, 37.25424185127321, 79], "13121": [5, 11, 41, 39, 13, 27, 116, 31, 47, 78, 96, 39], "25021": [5, 6, 7, 47, 93, 70, 101, 97, 58, 80, 110, 91], "06013": [10, 15, 22, 23, 20, 17, 7, 12, 35, 28], "37183": [19, 10, 38, 3, 22, 20, 26, 3], "34003": [49, 164, 45, 20, 95, 152, 92, 118, 387, 299, 333, 331, 313, 427, 585], "36119": [16, 10, 13, 27, 10, 21, 17, 24, 160, 158, 260, 294, 296, 486, 1021, 997, 800, 1253, 1243, 688, 644, 807, 641, 716], "48157": [15, 8.631199938703574, 18, 9.148351530560063, 19, 25], "08035": [9, 12, 13, 10, 19, 23, 14], "08059": [18, 20, 38, 27, 24, 31, 40, 51, 52], "24031": [15, 10, 14, 20, 37, 44, 47, 46, 40, 47, 59], "25017": [10, 8, 6, 11, 19, 25, 33, 22, 33, 72, 142, 92, 147, 157, 139, 160, 199, 242], "32003": [25, 98, 46.21178838251018, 101, 93, 85, 102.5426234601432, 225, 116, 92], "32031": [8, 18, 14, 14, 19.438598682840734, 42], "36059": [19, 11, 22, 52, 199, 372, 480, 666, 542, 427, 416, 629, 743, 880, 908, 899, 1200, 1011], "47187": [4, 21, 4, 6, 10, 17.171759760096904, 37], "48201": [6, 4, 56, 51, 18, 26, 216, 81, 37, 117, 167], "04021": [1.4822809924155038, 3], "08031": [19, 27, 23, 28, 38, 48, 50, 55, 41, 57, 74, 47], "08037": [13, 6, 12, 4, 24, 27, 23, 12, 5, 26, 14, 68], "08041": [37, 16, 15, 23, 24, 30, 31, 41, 28], "12011": [16, 32, 36, 53, 45, 50, 100, 93, 126, 189, 192, 125, 82, 129], "12071": [29, 24, 32, 19, 36, 29], "15003": [10, 9, 10, 21, 11, 20, 18, 25], "18097": [51, 65, 67, 191, 100, 92, 128, 160, 153], "21067": [8, 23, 12], "27123": [10], "34007": [12, 22, 28, 40, 37, 28, 61], "36087": [161, 193, 137, 79, 398, 128, 260, 439, 313, 302, 352, 458], "40143": [4, 18, 32], "42045": [17, 55, 29, 41, 50, 27, 35, 52], "45019": [32, 16, 8, 7, 19, 48], "45055": [5, 1, 6, 7, 6, 16, 6, 11], "49011": [10, 8, 7, 0], "53011": [8, 20, 6, 14], "53053": [8, 12, 12, 19, 12, 17, 31, 45, 51, 35, 35, 33.870444579524644, 71], "06019": [14], "06065": [33.69470494656153, 78, 4.934199132225814, 10, 96, 80, 0], "11001": [21, 18, 22, 45, 48, 36, 37, 38, 69.4486602238486, 153, 43.58147016027203, 91], "12127": [11, 13], "13067": [11, 12, 11, 19, 10, 44, 22, 43, 22, 37, 17], "13135": [42, 10, 14, 33, 64, 15], "20091": [14, 28, 8, 18, 9], "25003": [32, 14, 32, 11, 9, 12], "29189": [25.65895579174476, 61, 44, 74, 66, 23, 30, 126, 0], "33015": [8, 11, 14, 16, 21, 17], "36091": [4, 9, 9, 14, 6, 3, 3, 14], "42091": [33, 19, 15, 28, 110, 92, 37, 77, 52, 30, 79], "51059": [15.082709205709676, 32, 31, 38, 19, 44], "09001": [20, 18, 68, 62, 114, 162, 61, 145, 156, 337, 200, 425, 116], "13057": [6, 9, 9, 7], "18063": [21], "19103": [4, 5, 3, 3], "21111": [23, 9, 17, 65, 31], "25027": [37, 53, 72, 46, 53, 43, 130], "34031": [46, 75, 39, 144, 85, 124, 223, 260, 203, 200], "36103": [32, 62, 193, 291, 372, 424, 422, 380, 475, 650, 753, 885, 768, 922, 892], "36111": [9, 30, 51, 28, 8, 7], "41047": [11, 15, 14, 18, 10], "47037": [35, 30, 27, 17, 69, 4, 36, 19, 64, 18, 49, 98, 132], "47157": [69, 35, 28, 25, 52, 87, 34, 47.18844750286536, 100], "53035": [5.278840060446257, 11], "04019": [18, 33, 34, 15, 15],